Lassi,Coffee Powder,Butter,Yougurt,Ghee,Cheese,
Ghee,Coffee Powder,
Lassi,Tea Powder,Butter,Cheese,
Cheese,Tea Powder,Panner,Coffee Powder,Butter,Bread,
Cheese,Yougurt,Coffee Powder,Sugar,Butter,Sweet,
Sugar,Tea Powder,Ghee,Sweet,Panner,Milk,
Sweet,Coffee Powder,
Butter,Ghee,Panner,
Sweet,Tea Powder,Butter,Yougurt,Sugar,Cheese,
Panner,Ghee,
Milk,Panner,Tea Powder,Sweet,Bread,
Ghee,Coffee Powder,Milk,Yougurt,Lassi,Sugar,Butter,Panner,
Butter,Coffee Powder,Panner,Sweet,Ghee,Lassi,
Bread,Lassi,Coffee Powder,Tea Powder,Sweet,Ghee,Sugar,Panner,
Milk,Sweet,Butter,Sugar,Lassi,Panner,
Bread,Coffee Powder,Tea Powder,
Butter,Ghee,Milk,Cheese,
Bread,Coffee Powder,
Cheese,Tea Powder,Sweet,Lassi,Coffee Powder,Sugar,
Panner,Lassi,Butter,Cheese,Yougurt,Tea Powder,Milk,
Coffee Powder,Cheese,Tea Powder,Yougurt,Sugar,
Lassi,Ghee,Cheese,Sweet,Coffee Powder,Bread,
Coffee Powder,Panner,Butter,Ghee,Tea Powder,Yougurt,
Yougurt,Sweet,Milk,Butter,Coffee Powder,Lassi,
Sugar,Coffee Powder,Milk,Butter,Cheese,Yougurt,
Lassi,Yougurt,Ghee,Cheese,Butter,Milk,Panner,
Panner,Yougurt,Sugar,Coffee Powder,Milk,Cheese,
Panner,Milk,Sweet,
Bread,Coffee Powder,
Sweet,Cheese,
Yougurt,Bread,Tea Powder,Coffee Powder,
Lassi,Sweet,Panner,
Milk,Butter,Bread,Tea Powder,Panner,Ghee,
Butter,Cheese,Panner,Sugar,
Cheese,Yougurt,Sugar,Bread,Butter,Panner,
Lassi,Bread,Panner,Milk,
Ghee,Bread,Cheese,Sugar,Coffee Powder,Sweet,Yougurt,Lassi,
Bread,Yougurt,Ghee,Tea Powder,Panner,Milk,Lassi,Coffee Powder,
Sugar,Milk,Butter,Ghee,Cheese,
Cheese,Panner,Sugar,Yougurt,Ghee,
Sweet,Panner,Bread,
Coffee Powder,Milk,Bread,
Cheese,Lassi,Coffee Powder,Tea Powder,Bread,Panner,Butter,
Cheese,Tea Powder,Milk,Yougurt,Ghee,
Sugar,Yougurt,Bread,Butter,Ghee,Milk,Lassi,
Butter,Tea Powder,Cheese,Yougurt,Bread,Ghee,Coffee Powder,
Sugar,Milk,
Sweet,Butter,
Yougurt,Bread,Sweet,
Cheese,Coffee Powder,Butter,Sugar,Panner,Bread,Lassi,Tea Powder,Ghee,
Yougurt,Panner,Butter,Lassi,Sugar,Bread,Tea Powder,Milk,
Butter,Lassi,
Sugar,Panner,Tea Powder,Sweet,Coffee Powder,Cheese,Lassi,Milk,Butter,
Lassi,Butter,
Coffee Powder,Butter,Ghee,
Lassi,Butter,Bread,Ghee,Coffee Powder,
Butter,Sugar,Yougurt,
Lassi,Butter,
Ghee,Bread,Cheese,Lassi,Tea Powder,Coffee Powder,Sweet,Butter,
Panner,Milk,Bread,Yougurt,
Panner,Tea Powder,
Bread,Panner,
Yougurt,Sugar,Sweet,Ghee,Bread,Butter,Coffee Powder,Lassi,Tea Powder,Milk,Panner,
Tea Powder,Sweet,Lassi,Ghee,
Lassi,Coffee Powder,Sugar,
Cheese,Sugar,Tea Powder,Butter,
Bread,Yougurt,Milk,Panner,Sweet,Tea Powder,Cheese,
Bread,Ghee,Yougurt,Milk,Coffee Powder,
Coffee Powder,Butter,Lassi,Ghee,
Lassi,Bread,Coffee Powder,Milk,Sugar,
Ghee,Milk,Coffee Powder,Yougurt,Sweet,
Coffee Powder,Tea Powder,Panner,Sweet,Ghee,Milk,Sugar,
Lassi,Bread,Panner,Tea Powder,Milk,
Ghee,Butter,Tea Powder,Bread,Sweet,Sugar,Yougurt,
Tea Powder,Panner,Coffee Powder,
Milk,Butter,Tea Powder,Sugar,Sweet,
Coffee Powder,Milk,Yougurt,Cheese,Tea Powder,Sugar,Bread,
Coffee Powder,Lassi,Panner,Bread,Butter,Tea Powder,
Cheese,Bread,Sugar,Sweet,Milk,Coffee Powder,
Butter,Ghee,Sugar,
Sugar,Yougurt,Coffee Powder,Butter,Sweet,
Panner,Ghee,
Sweet,Lassi,Ghee,Coffee Powder,Sugar,Butter,
Tea Powder,Butter,Sugar,
Tea Powder,Coffee Powder,Cheese,Milk,Lassi,
Panner,Lassi,Butter,Coffee Powder,
Butter,Sugar,Lassi,Panner,
Milk,Cheese,Panner,Coffee Powder,Sweet,
Panner,Tea Powder,Lassi,Yougurt,Coffee Powder,Bread,Cheese,Ghee,
Butter,Panner,Coffee Powder,Sweet,Lassi,
Lassi,Cheese,Panner,Bread,Ghee,Milk,Sweet,Sugar,
Ghee,Yougurt,Coffee Powder,Panner,
Coffee Powder,Yougurt,Ghee,Cheese,Bread,
Lassi,Tea Powder,Panner,Butter,Sweet,
Milk,Sweet,Butter,Cheese,Tea Powder,Panner,
Tea Powder,Lassi,Coffee Powder,Cheese,Butter,Sugar,Sweet,Milk,
Sweet,Bread,Coffee Powder,Cheese,Yougurt,Ghee,Tea Powder,Milk,
Yougurt,Milk,Bread,Butter,Lassi,Cheese,Sweet,
Yougurt,Milk,Butter,
Tea Powder,Bread,Sweet,Cheese,
Panner,Tea Powder,
Bread,Panner,Cheese,Butter,Yougurt,
Coffee Powder,Tea Powder,Sweet,Bread,Milk,Lassi,Ghee,
Yougurt,Lassi,Cheese,Sugar,Butter,
Milk,Yougurt,Tea Powder,Lassi,Sweet,Cheese,Bread,
Milk,Coffee Powder,Cheese,Panner,Ghee,Sugar,Tea Powder,Sweet,
Sugar,Butter,Tea Powder,Coffee Powder,Bread,Milk,Lassi,
Ghee,Tea Powder,Sweet,
Lassi,Panner,Milk,Tea Powder,Ghee,
Milk,Panner,Sweet,Sugar,Bread,Butter,
Sugar,Milk,Bread,
Butter,Milk,Tea Powder,Yougurt,Ghee,
Butter,Bread,Cheese,Coffee Powder,
Cheese,Ghee,Coffee Powder,Yougurt,Bread,Tea Powder,Butter,
Yougurt,Coffee Powder,Sugar,Milk,
Ghee,Bread,Tea Powder,Butter,Panner,Cheese,
Bread,Butter,Milk,Panner,Sugar,Cheese,Sweet,Ghee,Yougurt,
Butter,Panner,Milk,
Tea Powder,Panner,Butter,Sugar,
Panner,Sweet,Cheese,Lassi,Sugar,Coffee Powder,
Butter,Cheese,Lassi,Yougurt,Ghee,
Milk,Sugar,Cheese,Sweet,Panner,
Sugar,Cheese,Butter,Ghee,Coffee Powder,Panner,
Ghee,Milk,Sweet,
Yougurt,Lassi,Sweet,Milk,Ghee,Coffee Powder,Bread,Butter,
Sugar,Cheese,Tea Powder,Milk,Ghee,Bread,Panner,
Sugar,Lassi,Cheese,Butter,
Bread,Cheese,Yougurt,Coffee Powder,Sugar,Butter,
Coffee Powder,Sugar,Lassi,Tea Powder,Ghee,Cheese,
Tea Powder,Sugar,Sweet,Yougurt,Coffee Powder,Ghee,Cheese,Panner,
Butter,Milk,Ghee,Yougurt,Coffee Powder,Sweet,Bread,Sugar,
Lassi,Tea Powder,Sugar,Yougurt,
Bread,Sugar,Coffee Powder,Tea Powder,Lassi,Cheese,Yougurt,
Butter,Milk,Coffee Powder,Sugar,Ghee,Panner,Tea Powder,
Sweet,Yougurt,Bread,Tea Powder,Coffee Powder,Cheese,
Butter,Cheese,Coffee Powder,Bread,Tea Powder,
Milk,Butter,Lassi,
Milk,Lassi,Panner,Butter,Bread,Coffee Powder,Ghee,Sugar,
Coffee Powder,Butter,Bread,Lassi,Sugar,Panner,Yougurt,
Yougurt,Panner,Butter,Coffee Powder,Tea Powder,Bread,Milk,
Coffee Powder,Panner,Milk,
Lassi,Coffee Powder,Tea Powder,
Cheese,Tea Powder,Yougurt,Ghee,
Cheese,Lassi,Panner,Tea Powder,Sugar,Butter,Bread,Milk,Ghee,Sweet,
Milk,Coffee Powder,Butter,Ghee,Lassi,Tea Powder,
Tea Powder,Butter,Milk,Sugar,Panner,Lassi,Sweet,Cheese,Ghee,
Yougurt,Coffee Powder,Tea Powder,Sugar,Panner,
Yougurt,Bread,Sugar,Lassi,Coffee Powder,Panner,Ghee,Cheese,
Sugar,Tea Powder,Butter,Coffee Powder,Yougurt,
Ghee,Butter,Bread,Cheese,Lassi,
Cheese,Panner,Sweet,Yougurt,Lassi,Milk,Ghee,Tea Powder,Butter,
Ghee,Milk,
Sugar,Panner,Milk,Bread,Coffee Powder,Tea Powder,Ghee,
Tea Powder,Sweet,Butter,
Coffee Powder,Butter,
Tea Powder,Bread,Sweet,Milk,Sugar,Panner,Yougurt,
Lassi,Panner,Butter,Milk,Cheese,Coffee Powder,Tea Powder,
Tea Powder,Milk,
Yougurt,Tea Powder,Sugar,Milk,Coffee Powder,Sweet,Panner,Bread,
Butter,Sugar,
Tea Powder,Sweet,Bread,Butter,Yougurt,
Yougurt,Sugar,Bread,
Panner,Ghee,Cheese,
Bread,Milk,Coffee Powder,
Ghee,Tea Powder,
Milk,Butter,
Lassi,Milk,Sweet,Sugar,Butter,Coffee Powder,Ghee,
Butter,Ghee,Sugar,Cheese,Panner,Tea Powder,Yougurt,
Coffee Powder,Lassi,Ghee,
Sugar,Milk,Sweet,Tea Powder,Bread,Coffee Powder,Panner,
Yougurt,Bread,Tea Powder,Lassi,
Ghee,Tea Powder,Panner,Milk,Bread,
Milk,Butter,
Ghee,Tea Powder,Coffee Powder,Sugar,
Ghee,Cheese,Lassi,Butter,Sweet,Milk,Tea Powder,Yougurt,
Yougurt,Cheese,Butter,Sweet,Coffee Powder,Milk,Ghee,
Milk,Sweet,Ghee,
Panner,Lassi,Coffee Powder,Yougurt,Butter,Sugar,Milk,Sweet,
Coffee Powder,Ghee,Lassi,Butter,Cheese,Yougurt,
Cheese,Lassi,Butter,Yougurt,
Sweet,Butter,Tea Powder,Yougurt,Ghee,
Lassi,Bread,Sugar,Milk,Tea Powder,
Milk,Butter,Yougurt,Sugar,Lassi,Bread,
Tea Powder,Coffee Powder,Milk,Lassi,Butter,Ghee,
Ghee,Butter,Sweet,Tea Powder,Sugar,
Coffee Powder,Ghee,Cheese,
Sweet,Ghee,Butter,Coffee Powder,Lassi,
Sugar,Bread,Butter,Cheese,Milk,Panner,Yougurt,
Butter,Sweet,Cheese,Yougurt,Milk,Sugar,Coffee Powder,
Sugar,Panner,Yougurt,
Bread,Sweet,
Sweet,Butter,Lassi,Yougurt,Milk,Sugar,Coffee Powder,Cheese,Tea Powder,
Yougurt,Coffee Powder,Lassi,Cheese,Sugar,
Tea Powder,Panner,Bread,Yougurt,Ghee,Sugar,Milk,Cheese,Butter,
Ghee,Lassi,Bread,Panner,Yougurt,Sugar,
Sugar,Lassi,Tea Powder,Ghee,
Yougurt,Cheese,Bread,Coffee Powder,Sugar,Tea Powder,Panner,
Sugar,Coffee Powder,Cheese,
Yougurt,Cheese,Panner,Coffee Powder,Milk,
Sweet,Coffee Powder,Tea Powder,Lassi,Cheese,
Lassi,Cheese,Sugar,Tea Powder,
Bread,Coffee Powder,Milk,Lassi,Yougurt,Butter,Cheese,
Milk,Cheese,Sugar,
Tea Powder,Sweet,Bread,Lassi,Coffee Powder,Panner,Milk,
Yougurt,Tea Powder,
Cheese,Butter,Coffee Powder,Yougurt,Bread,Sweet,Lassi,
Tea Powder,Panner,Ghee,Sugar,
Cheese,Sweet,Coffee Powder,Ghee,Panner,
Panner,Coffee Powder,Milk,Cheese,Ghee,
Sweet,Tea Powder,Lassi,Sugar,Ghee,Cheese,Bread,Coffee Powder,
Milk,Sugar,Yougurt,Tea Powder,Cheese,Coffee Powder,
Lassi,Panner,
Panner,Sugar,Sweet,Cheese,Lassi,
Tea Powder,Cheese,Coffee Powder,Bread,Milk,Butter,Lassi,Panner,Yougurt,
Cheese,Panner,Sugar,
Yougurt,Coffee Powder,Sugar,
Tea Powder,Bread,Yougurt,Panner,Coffee Powder,
Sugar,Sweet,Cheese,Milk,Coffee Powder,Ghee,
Sweet,Bread,Lassi,Butter,Milk,Panner,Tea Powder,Yougurt,
Cheese,Sweet,Tea Powder,Coffee Powder,Yougurt,Butter,Ghee,
Panner,Milk,Cheese,Yougurt,Sweet,Ghee,Butter,
Sugar,Lassi,Cheese,Milk,Sweet,Bread,Coffee Powder,
Lassi,Milk,Ghee,Tea Powder,
Yougurt,Ghee,Panner,Sweet,Milk,Coffee Powder,
Butter,Bread,Yougurt,Sugar,Milk,
Cheese,Bread,
Sweet,Yougurt,
Ghee,Coffee Powder,Bread,Lassi,Milk,Yougurt,
Sweet,Yougurt,Milk,Bread,Butter,Sugar,Ghee,Panner,
Sweet,Sugar,Ghee,Coffee Powder,Milk,Cheese,
Tea Powder,Bread,
Coffee Powder,Milk,Yougurt,Ghee,Sugar,Sweet,
Panner,Sweet,Butter,Lassi,Cheese,Yougurt,
Milk,Coffee Powder,Ghee,Butter,Yougurt,
Tea Powder,Milk,
Cheese,Ghee,Sweet,
Sweet,Panner,Milk,Butter,Tea Powder,Lassi,Ghee,
Sugar,Cheese,Tea Powder,
Sugar,Coffee Powder,Cheese,Yougurt,
Bread,Cheese,Sugar,Panner,
Ghee,Bread,Coffee Powder,Tea Powder,Lassi,
Yougurt,Panner,Coffee Powder,Sugar,Tea Powder,Milk,
Cheese,Coffee Powder,Panner,
Sugar,Cheese,Tea Powder,Ghee,Milk,Panner,Yougurt,
Ghee,Bread,Milk,Butter,Coffee Powder,Yougurt,Lassi,
Lassi,Milk,Cheese,
Butter,Ghee,Bread,Lassi,Sugar,Panner,
Tea Powder,Bread,Coffee Powder,Ghee,
Ghee,Cheese,Bread,Sweet,
Panner,Ghee,Yougurt,Sweet,Sugar,Cheese,Lassi,
Tea Powder,Cheese,Coffee Powder,Lassi,Yougurt,
Ghee,Lassi,Sugar,Yougurt,
Ghee,Sweet,Butter,Milk,Sugar,Lassi,
Ghee,Tea Powder,Sweet,Bread,Panner,
Bread,Yougurt,Ghee,Milk,Coffee Powder,Panner,
Sweet,Tea Powder,Yougurt,Cheese,Bread,Ghee,Sugar,Butter,
Bread,Coffee Powder,Sweet,Panner,Sugar,
Ghee,Sugar,Butter,Milk,Panner,Bread,Sweet,
Cheese,Yougurt,Milk,Tea Powder,
Milk,Coffee Powder,
Bread,Tea Powder,Milk,Ghee,
Tea Powder,Cheese,Milk,Lassi,Sweet,Bread,
Yougurt,Coffee Powder,Sugar,Bread,Lassi,Cheese,
Sweet,Milk,Tea Powder,Lassi,Panner,Sugar,Coffee Powder,Butter,
Cheese,Butter,Bread,Sweet,
Yougurt,Sugar,Ghee,Tea Powder,Butter,Coffee Powder,Milk,
Yougurt,Lassi,Butter,Cheese,Coffee Powder,Ghee,Tea Powder,Sugar,
Bread,Sugar,
Sweet,Coffee Powder,Tea Powder,Ghee,Milk,
Butter,Bread,Ghee,Cheese,Tea Powder,Milk,Sweet,
Panner,Lassi,Coffee Powder,Tea Powder,Bread,
Panner,Butter,Yougurt,Cheese,Bread,Sugar,
Cheese,Coffee Powder,Ghee,Yougurt,Bread,Tea Powder,Lassi,Butter,
Panner,Bread,Coffee Powder,Cheese,Ghee,Sweet,Milk,
Sweet,Bread,Cheese,Yougurt,Butter,
Cheese,Ghee,Yougurt,Lassi,Sweet,
Coffee Powder,Lassi,Bread,Cheese,Sweet,Milk,Panner,
Sugar,Milk,Yougurt,Ghee,
Panner,Sugar,Yougurt,Milk,Coffee Powder,Butter,Lassi,
Lassi,Bread,Ghee,Yougurt,Milk,
Bread,Sweet,Ghee,
Bread,Ghee,Sugar,Butter,Lassi,
Panner,Ghee,Coffee Powder,
Lassi,Yougurt,Butter,Bread,Cheese,Sugar,
Ghee,Yougurt,Milk,Sweet,Bread,Sugar,Coffee Powder,
Milk,Sweet,Lassi,Ghee,
Milk,Coffee Powder,Ghee,Sugar,Yougurt,
Yougurt,Lassi,Butter,Sugar,Bread,
Yougurt,Sweet,Tea Powder,
Coffee Powder,Bread,Sugar,Lassi,Tea Powder,Ghee,Sweet,Milk,
Cheese,Tea Powder,Coffee Powder,Sugar,Milk,Sweet,Ghee,Butter,
Panner,Yougurt,Cheese,Milk,Lassi,Tea Powder,
Bread,Sugar,Ghee,
Ghee,Lassi,Coffee Powder,Panner,Milk,Sweet,
Coffee Powder,Panner,Tea Powder,Yougurt,Bread,Lassi,
Yougurt,Milk,Tea Powder,Sugar,Coffee Powder,Sweet,
Sweet,Panner,Ghee,Butter,Sugar,Tea Powder,Milk,Coffee Powder,
Ghee,Coffee Powder,Cheese,Panner,Yougurt,Tea Powder,
Ghee,Sugar,Bread,
Panner,Sugar,Coffee Powder,Yougurt,Sweet,Butter,Milk,Bread,